Platform,total_spend,total_visitors,total_leads,total_closure,avg_cpl
Facebook,2936520,14445121,590784,4037,5.4272836794730965
Google,2883009,13954264,564143,4165,5.603886073623737
Instagram,2862269,15198685,568086,3852,5.471391460645571
LinkedIn,3131366,15869864,601915,4112,5.650810730351615
Meta,2931312,14556931,567164,4194,5.558211992669487
WhatsApp,3016225,15251032,573911,3719,5.908696735707816
YouTube,3139955,14500902,564904,4225,6.098477546329582
